<?xml version="1.0" encoding="UTF-8" standalone="yes"?>
<addon id="kodi.remake.repository" name="Kodi Remake Repository" version="1.0.0" provider-name="Cleiton leonel creton">
	<extension point="xbmc.addon.repository" name="Kodi Remake Repository">
		<info compressed="false">https://raw.github.com/cleitonleonel/kodi.remake.repository/master/addons.xml</info>
		<checksum>https://raw.github.com/cleitonleonel/kodi.remake.repository/master/addons.xml.md5</checksum>
		<datadir zip="true">https://raw.github.com/cleitonleonel/kodi.remake.repository/master/repo/</datadir>
	</extension>
	<extension point="xbmc.addon.metadata">
		<summary>Repository Addon</summary>
		<description>Add-ons kodi recriados por Cleiton Leonel Creton</description>
		<disclaimer></disclaimer>
		<platform>all</platform>
	</extension>
</addon>
