<?xml version="1.0" encoding="UTF-8" standalone="yes"?>
<addon id="kodi.remake.repository" name="Kodi Remake Repository" version="1.0.0" provider-name="Cleiton leonel creton">
	<extension point="xbmc.addon.repository" name="Kodi Remake Repository">
		<info compressed="false">https://raw.github.com/cleitonleonel/kodi.remake.repository/master/addons.xml</info>
		<checksum>https://raw.github.com/cleitonleonel/kodi.remake.repository/master/addons.xml.md5</checksum>
		<datadir zip="true">https://raw.github.com/cleitonleonel/kodi.remake.repository/master/repo/</datadir>
	</extension>
	<extension point="xbmc.addon.metadata">
		<summary>Repository Addon</summary>
		<description>Add-ons kodi recriados por Cleiton Leonel Creton</description>
		<disclaimer>[B][COLOR white]Salientamos que este repositório é apenas um AGREGADOR de links e assim como o Google.com, apenas agrega e organiza links externos. Não somos responsáveis pelos arquivos aqui encontrados.[/COLOR][/B]</disclaimer>
		<platform>all</platform>
		<assets>
			<icon>icon.png</icon>
			<fanart>fanart.jpg</fanart>
			<screenshot>resources/screenshot-01.jpg</screenshot>
			<screenshot>resources/screenshot-02.jpg</screenshot>
			<screenshot>resources/screenshot-03.jpg</screenshot>
		</assets>
	</extension>
</addon>
