<?xml version="1.0" encoding="UTF-8" standalone="yes"?>
<addon id="BrTv" name="BrTv" version="1.0.0" provider-name="Cleiton Leonel Creton">
  <requires>
    <import addon="xbmc.python" version="3.0.0"/>
	<import addon="script.module.beautifulsoup4"/>
	<import addon="script.module.requests"/>
  </requires>
  <extension point="xbmc.python.pluginsource" library="main.py">
    <provides>video</provides>
  </extension>
  <extension point="xbmc.addon.metadata">
    <language>pt</language>
    <platform>all</platform>
	<assets>
      <icon>icon.png</icon>
      <fanart>fanart.jpg</fanart>
      <screenshot>resources\img\screenshot-01.jpg</screenshot>
      <screenshot>resources\img\screenshot-02.jpg</screenshot>
      <screenshot>resources\img\screenshot-03.jpg</screenshot>
    </assets>
    <summary lang="en">Melhoramos nossa plataforma, continuamos com o conteúdo gratuito e sem anúncios, faça seu login e desfrute de mais recursos.</summary>
    <description lang="en">Melhoramos nossa plataforma, continuamos com o conteúdo gratuito e sem anúncios, faça seu login e desfrute de mais recursos.</description>
    <platform>all</platform>
	<website>https://github.com/cleitonleonel</website>
    <source>https://github.com/cleitonleonel</source>
    <email>cleiton.leonel@gmail.com</email>
  </extension>
</addon>
