<?xml version="1.0" encoding="UTF-8" standalone="yes"?>
<addon id="RedeCanais.vip" name="[B][COLOR blue]Rede[/B][/COLOR][B][COLOR black] Canais[/B][/COLOR][B][COLOR red].vip[/B][/COLOR]" version="1.0.5" provider-name="Cleiton Leonel Creton">
  <requires>
    <import addon="xbmc.python" version="3.0.0"/>
	<import addon="script.module.beautifulsoup4"/>
	<import addon="script.module.requests"/>
  </requires>
  <extension point="xbmc.python.pluginsource" library="addon.py">
    <provides>video</provides>
  </extension>
  <extension point="xbmc.addon.metadata">
    <language>en</language>
    <platform>all</platform>
    <summary lang="en">Asssistir, Baixar, Livre...</summary>
	<description lang="en">RedeCanais VIP agora é para todos, e você pode acessá-lo mesmo sem uma Conta VIP, Nos ajude a manter este belo projeto, faça uma doação!</description>
    <disclaimer lang="en">Nos ajude a manter este belo projeto faça uma doação!</disclaimer>
	<source>https://www.redecanais.re</source>
	<website>https://www.redecanais.re</website>
	<assets>
      <icon>icon.png</icon>
      <fanart>fanart.jpg</fanart>
      <screenshot>resources\art\screenshot-01.jpg</screenshot>
      <screenshot>resources\art\screenshot-02.jpg</screenshot>
      <screenshot>resources\art\screenshot-03.jpg</screenshot>
    </assets>
	<news>- VERSÃO INICIAL</news>
  </extension>
</addon>
