<?xml version="1.0" encoding="UTF-8" standalone="yes"?>
<addon id="script.module.rcresolver" name="rcresolver" version="1.0.4" provider-name="Cleiton Leonel Creton">
  <requires>
    <import addon="xbmc.python" version="3.0.0"/>
    <import addon="script.module.beautifulsoup4" version="4.6.2"/>
    <import addon="script.module.urllib3" version="1.22"/>
    <import addon="script.module.chardet" version="3.0.4"/>
    <import addon="script.module.idna" version="2.6"/>
    <import addon="script.module.certifi" version="2017.07.27.1"/>
    <import addon="script.module.html5lib" version="0.999.0"/>
  </requires>
  <extension point="xbmc.python.module" library="lib" />
  <extension point="xbmc.addon.metadata">
    <summary lang="pt_BR">Python Resolver links stream</summary>
    <description lang="pt_BR">Extrair e resolver links do site redecanais...</description>
    <platform>all</platform>
    <language>pt_BR</language>
    <license>Apache2</license>
    <forum></forum>
    <website>http://semsite.com</website>
    <source>https://github.com/cleitonleonel/script.module.rcresolver</source>
    <email>cleiton.leonel@gmail.com</email>
    <assets>
      <icon>resources/icon.png</icon>
    </assets>
  </extension>
</addon>
